"country","country_id","party","party_abb","galtan","lrecon","galtan_mean","lrecon_mean","ches_id","country_num","region","lrecon_distance","galtan_distance","lrecon_alignment","galtan_alignment","lrecon_category","galtan_category"
"belgium","BE","Socialist Party","PS",2.91666674613953,2.25,2.5,1.83333333333333,102,"1","western_europe",0.416666666666667,0.416666746139526,"left","left","left","left"
"belgium","BE","Socialist Party Differently","SP/SPA",2.75,3.08333325386047,3.16666666666667,2.66666666666667,103,"1","western_europe",0.416666587193807,0.416666666666667,"left","left","left","left"
"belgium","BE","Ecolo","ECOLO",1.08333337306976,2.5,1.16666666666667,2.5,104,"1","western_europe",0,0.0833332935969036,"left","left","left","extreme_left"
"belgium","BE","Green","AGALEV",1.16666662693024,2.66666674613953,1.16666666666667,2.5,105,"1","western_europe",0.166666746139526,3.97364299242753e-08,"left","left","left","extreme_left"
"belgium","BE","Reformist Movement","PRL/MR",3.18181824684143,6.91666650772095,3.83333333333333,7.16666666666667,106,"1","western_europe",0.25000015894572,0.651515086491903,"right","left","right","left"
"belgium","BE","Open Flemish Liberals and Democrats","VLD/PVV",2.45454549789429,7.16666650772095,3.66666666666667,7.16666666666667,107,"1","western_europe",1.58945719697101e-07,1.21212116877238,"right","left","right","left"
"belgium","BE","Humanist Democratic Centre","PSC/CDH",5,4.66666650772095,6.16666666666667,5,108,"1","western_europe",0.333333492279053,1.16666666666667,"left","center","center","center"
"belgium","BE","Christian Democratic and Flemish","CDV",6.25,5.58333349227905,5.66666666666667,5.5,109,"1","western_europe",0.0833334922790527,0.583333333333333,"right","right","center","right"
"belgium","BE","New Flemish Alliance","VU/NVA",6.09090900421143,7.91666650772095,6.33333333333333,6.83333333333333,110,"1","western_europe",1.08333317438761,0.242424329121907,"right","right","right","right"
"belgium","BE","Flemish Interest","VB",8,5,8.83333333333333,8.83333333333333,112,"1","western_europe",3.83333333333333,0.833333333333334,"center","right","center","right"
"belgium","BE","Workers' Party of Belgium","PVDA-PTB",4.58333349227905,0.333333343267441,2.33333333333333,0.833333333333333,119,"1","western_europe",0.499999990065893,2.25000015894572,"left","left","extreme_left","center"
"denmark","DK","Social Democracy","SD",5,3.71428561210632,3.5,3.33333333333333,201,"2","western_europe",0.38095227877299,1.5,"left","center","left","center"
"denmark","DK","Radical Left-Social Liberal Party","RV",1.35714280605316,5.64285707473755,2,4.5,202,"2","western_europe",1.14285707473755,0.642857193946838,"right","left","center","extreme_left"
"denmark","DK","Conservative People's Party","KF",6.07142877578735,7.57142877578735,7.16666666666667,7.16666666666667,203,"2","western_europe",0.404762109120687,1.09523789087931,"right","right","right","right"
"denmark","DK","Socialist People's Party","SF",2.57142853736877,2.5,2.16666666666667,2.16666666666667,206,"2","western_europe",0.333333333333333,0.404761870702108,"left","left","left","left"
"denmark","DK","Venstre, Liberal Party of Denmark","v",5.35714292526245,6.85714292526245,4.66666666666667,6.5,211,"2","western_europe",0.357142925262451,0.690476258595784,"right","right","right","center"
"denmark","DK","Unity List/Red-Green Alliance","EL",1.07142853736877,1,1.16666666666667,1.33333333333333,213,"2","western_europe",0.333333333333333,0.0952381292978923,"left","left","extreme_left","extreme_left"
"denmark","DK","Danish People's Party","DF",8,4.42857122421265,8.66666666666667,6,215,"2","western_europe",1.57142877578735,0.666666666666666,"left","right","center","right"
"denmark","DK","Liberal Alliance","LA",3.85714292526245,8.7142858505249,3.5,8.16666666666667,218,"2","western_europe",0.547619183858236,0.357142925262451,"right","left","extreme_right","left"
"denmark","DK","The Alternative","A",0.928571403026581,3.21428561210632,1.16666666666667,3.16666666666667,219,"2","western_europe",0.0476189454396567,0.238095263640086,"left","left","left","extreme_left"
"denmark","DK","The New Right","NB",8.307692527771,8.5714282989502,8.5,8.83333333333333,220,"2","western_europe",0.261905034383139,0.192307472229004,"right","right","extreme_right","extreme_right"
"germany","DE","Christian Democratic Union of Germany","CDU",5.85714292526245,5.90476179122925,7.5,7,301,"3","western_europe",1.09523820877075,1.64285707473755,"right","right","center","center"
"germany","DE","Social Democratic Party of Germany","SPD",3.38095235824585,3.71428561210632,3.83333333333333,4.16666666666667,302,"3","western_europe",0.452381054560344,0.452380975087484,"left","left","left","left"
"germany","DE","Free Democratic Party","FDP",3.42857146263123,7.90476179122925,3,8,303,"3","western_europe",0.095238208770752,0.428571462631226,"right","left","right","left"
"germany","DE","Alliance '90/The Greens","GRUNEN",1.09523808956146,3.80952382087708,1,3.5,304,"3","western_europe",0.309523820877075,0.0952380895614624,"left","left","left","extreme_left"
"germany","DE","The Left","LINKE",2.80952382087708,1.28571426868439,2,1.66666666666667,306,"3","western_europe",0.38095239798228,0.809523820877075,"left","left","extreme_left","left"
"germany","DE","Christian Social Union in Bavaria","CSU",7.2857141494751,6.38095235824585,8,6.83333333333333,308,"3","western_europe",0.452380975087483,0.714285850524902,"right","right","right","right"
"germany","DE","Alternative for Germany","AfD",9.5238094329834,7,9,8.16666666666667,310,"3","western_europe",1.16666666666667,0.523809432983398,"right","right","right","extreme_right"
"germany","DE","Pirate Party of Germany","Piraten",1.33333337306976,2.40000009536743,1.83333333333333,3.83333333333333,311,"3","western_europe",1.4333332379659,0.49999996026357,"left","left","left","extreme_left"
"germany","DE","Human Environment Animal Protection","DieTier",1.5,3,3.16666666666667,2.66666666666667,312,"3","western_europe",0.333333333333333,1.66666666666667,"left","left","left","extreme_left"
"greece","GR","Panhellenic Socialist Movement","PASOK",3.88888883590698,4.22222232818604,3.5,3.33333333333333,401,"4","western_europe",0.888888994852702,0.388888835906982,"left","left","center","left"
"greece","GR","New Democracy","ND",7.44444465637207,7.22222232818604,6.83333333333333,7.33333333333333,402,"4","western_europe",0.111111005147298,0.611111323038737,"right","right","right","right"
"greece","GR","Coalition of the Radical Left","SYRIZA",2.44444441795349,2.22222232818604,2,2,403,"4","western_europe",0.222222328186035,0.444444417953491,"left","left","left","left"
"greece","GR","Communist Party of Greece","KKE",6.625,0.111111111938953,8.33333333333333,0.333333333333333,404,"4","western_europe",0.22222222139438,1.70833333333333,"left","right","extreme_left","right"
"greece","GR","Popular Association—Golden Dawn","XA",10,3.375,9.83333333333333,8.66666666666667,415,"4","western_europe",5.29166666666667,0.166666666666666,"left","right","left","extreme_right"
"greece","GR","Greek Solution","EL",9.375,4.375,8.33333333333333,7.16666666666667,416,"4","western_europe",2.79166666666667,1.04166666666667,"left","right","center","extreme_right"
"greece","GR","European Realistic Disobedience Front [MeRa25]","MR25",0.666666686534882,1.75,2.5,2.5,417,"4","western_europe",0.75,1.83333331346512,"left","left","extreme_left","extreme_left"
"greece","GR","Movement of Democratic Socialists","KIDISO",3.20000004768372,4.80000019073486,3.33333333333333,3.83333333333333,418,"4","western_europe",0.96666685740153,0.133333285649618,"left","left","center","left"
"spain","ES","Spanish Socialist Workers' Party","PSOE",2.93333339691162,3.79999995231628,2.83333333333333,3.33333333333333,501,"5","western_europe",0.466666618982951,0.100000063578288,"left","left","left","left"
"spain","ES","People's Party","PPP",8,7.93333339691162,7.5,7.33333333333333,502,"5","western_europe",0.600000063578288,0.5,"right","right","right","right"
"spain","ES","United Left","IU",2.20000004768372,1.79999995231628,1.83333333333333,1.5,504,"5","western_europe",0.299999952316284,0.366666714350383,"left","left","extreme_left","left"
"spain","ES","Basque Nationalist Party","PNV",5.66666650772095,5.80000019073486,5.66666666666667,5.33333333333333,506,"5","western_europe",0.46666685740153,1.58945719697101e-07,"right","right","center","center"
"spain","ES","Republican Left of Catalonia","ERC",2.86666655540466,3.40000009536743,2.66666666666667,2.83333333333333,511,"5","western_europe",0.566666762034098,0.199999888737997,"left","left","left","left"
"spain","ES","Galician Nationalist Bloc","BNG",3.08333325386047,2.92307686805725,3,3.5,513,"5","western_europe",0.576923131942749,0.0833332538604736,"left","left","left","left"
"spain","ES","Canarian Coalition","CC",6.307692527771,6.35714292526245,5.33333333333333,5,517,"5","western_europe",1.35714292526245,0.974359194437663,"right","right","right","right"
"spain","ES","Basque Country Unite/Gather","EHB",1.75,1.46666669845581,3.16666666666667,3.66666666666667,524,"5","western_europe",2.19999996821086,1.41666666666667,"left","left","extreme_left","extreme_left"
"spain","ES","We Can","Podemos",1.33333337306976,2.13333344459534,1.66666666666667,2,525,"5","western_europe",0.133333444595337,0.333333293596904,"left","left","left","extreme_left"
"spain","ES","Citizens—Party of the Citizenry","Cs",5.46666669845581,7.40000009536743,6.33333333333333,6.33333333333333,526,"5","western_europe",1.0666667620341,0.866666634877522,"right","right","right","center"
"spain","ES","Voice (Latin)","Vox",9.66666698455811,9.33333301544189,9,8.66666666666667,527,"5","western_europe",0.666666348775228,0.666666984558105,"right","right","extreme_right","extreme_right"
"spain","ES","More Country","Pais",1.66666662693024,2.79999995231628,2.83333333333333,3.66666666666667,528,"5","western_europe",0.866666714350382,1.1666667064031,"left","left","left","extreme_left"
"spain","ES","Catalan European Democratic Party","PdeCat",5.86666679382324,6.86666679382324,5,6.33333333333333,550,"5","western_europe",0.533333460489909,0.866666793823242,"right","right","right","center"
"france","FR","French Communist Party","PCF",3.75,1.125,2,0.333333333333333,601,"6","western_europe",0.791666666666667,1.75,"left","left","extreme_left","left"
"france","FR","Socialist Party","PS",2.75,3.125,3,2.5,102,"6","western_europe",0.625,0.25,"left","left","left","left"
"france","FR","Europe Ecology—The Greens","EELV",1.625,2.875,1,2.83333333333333,605,"6","western_europe",0.0416666666666665,0.625,"left","left","left","extreme_left"
"france","FR","The Republicans","LR",6.875,8.125,6.83333333333333,7,609,"6","western_europe",1.125,0.041666666666667,"right","right","extreme_right","right"
"france","FR","National Rally","RN",8.125,6.875,8.83333333333333,8,610,"6","western_europe",1.125,0.708333333333334,"right","right","right","extreme_right"
"france","FR","Democratic Movement","MoDem",4.5,6.25,5,5.83333333333333,613,"6","western_europe",0.416666666666667,0.5,"right","left","right","center"
"france","FR","The Republic Forward","LREM",3.16666674613953,6.33333349227905,4.16666666666667,5.33333333333333,626,"6","western_europe",1.00000015894572,0.999999920527141,"right","left","right","left"
"france","FR","Unbowed France","FI",3.125,0.875,2.5,1.16666666666667,627,"6","western_europe",0.291666666666667,0.625,"left","left","extreme_left","left"
"france","FR","France Arise","DLF",8.2857141494751,7,7.66666666666667,6.5,628,"6","western_europe",0.5,0.619047482808431,"right","right","right","extreme_right"
"ireland","IE","Soldiers of Destiny","FF",5.7142858505249,5.42857122421265,5.66666666666667,6.66666666666667,701,"7","western_europe",1.23809544245402,0.0476191838582354,"right","right","center","center"
"ireland","IE","Family of the Irish","FG",4.2857141494751,6.42857122421265,7.83333333333333,6.5,702,"7","western_europe",0.0714287757873535,3.54761918385824,"right","left","right","center"
"ireland","IE","Labour","Lab",2.85714292526245,3.57142853736877,2.33333333333333,2.66666666666667,703,"7","western_europe",0.904761870702108,0.523809591929118,"left","left","left","left"
"ireland","IE","Green Party","GP",2.14285707473755,3.14285707473755,1.5,3.66666666666667,705,"7","western_europe",0.523809591929118,0.642857074737549,"left","left","left","left"
"ireland","IE","We Ourselves","SF",4.42857122421265,2.14285707473755,4.16666666666667,3.83333333333333,707,"7","western_europe",1.69047625859578,0.26190455754598,"left","left","left","center"
"ireland","IE","Solidarity—People Before Profit","S-PBP",2,0.400000005960464,1,1.16666666666667,709,"7","western_europe",0.766666660706202,1,"left","left","extreme_left","left"
"ireland","IE","Social Democrats","DS",2.83333325386047,2.33333325386047,2.16666666666667,3.16666666666667,710,"7","western_europe",0.833333412806193,0.666666587193807,"left","left","left","left"
"ireland","IE","Independents for Change","I4C",3,2.75,2.66666666666667,3,711,"7","western_europe",0.25,0.333333333333333,"left","left","left","left"
"ireland","IE","Renua Ireland","RI",7.80000019073486,7.59999990463257,7.66666666666667,8,712,"7","western_europe",0.400000095367432,0.133333524068196,"right","right","right","right"
"italy","IT","Northern League","LN",9.21052646636963,7.68421030044556,8.33333333333333,8,811,"8","western_europe",0.315789699554443,0.877193133036295,"right","right","right","extreme_right"
"italy","IT","Italian Radicals","RI",0.411764711141586,6.59999990463257,1,6,813,"8","western_europe",0.599999904632568,0.588235288858414,"right","left","right","extreme_left"
"italy","IT","Forward Italy","FI",6.84210538864136,7.84210538864136,6.66666666666667,8.16666666666667,815,"8","western_europe",0.324561278025309,0.17543872197469,"right","right","right","right"
"italy","IT","South Tyrolean People's Party","SVP",6.66666650772095,5.125,6.83333333333333,5,827,"8","western_europe",0.125,0.166666825612386,"right","right","center","right"
"italy","IT","Democratic Party","PD",2.26315784454346,3.57894730567932,3.33333333333333,3.16666666666667,837,"8","western_europe",0.412280639012655,1.07017548878988,"left","left","left","left"
"italy","IT","Italian Left","SI",0.6875,1,2,1.66666666666667,838,"8","western_europe",0.666666666666667,1.3125,"left","left","extreme_left","extreme_left"
"italy","IT","Brothers of Italy","FdI",9.42105293273926,6.38888883590698,9,9,844,"8","western_europe",2.61111116409302,0.421052932739258,"right","right","right","extreme_right"
"italy","IT","Five Star Movement","M5S",3.73684215545654,3.21052622795105,5.16666666666667,5,845,"8","western_europe",1.78947377204895,1.42982451121012,"left","left","left","left"
"netherlands","NL","Christian Democratic Appeal","CDA",7.1538462638855,6.692307472229,7.16666666666667,5.5,1001,"10","western_europe",1.192307472229,0.0128204027811689,"right","right","right","right"
"netherlands","NL","Labour Party","PvdA",3.07692313194275,3.61538457870483,3,3.16666666666667,1002,"10","western_europe",0.448717912038167,0.076923131942749,"left","left","left","left"
"netherlands","NL","People's Party for Freedom and Democracy","VVD",5,8.15384578704834,3.83333333333333,8.16666666666667,1003,"10","western_europe",0.0128208796183262,1.16666666666667,"right","center","extreme_right","center"
"netherlands","NL","Democrats 66","D66",1.38461542129517,6.23076915740967,1.5,5.66666666666667,1004,"10","western_europe",0.564102490743001,0.115384578704834,"right","left","right","extreme_left"
"netherlands","NL","GreenLeft","GL",0.846153855323792,2.38461542129517,1,2.33333333333333,1005,"10","western_europe",0.0512820879618325,0.153846144676208,"left","left","left","extreme_left"
"netherlands","NL","Reformed Political Party","SGP",9.92307662963867,7.16666650772095,9.16666666666667,6.83333333333333,1006,"10","western_europe",0.333333174387614,0.756409962972006,"right","right","right","extreme_right"
"netherlands","NL","Socialist Party","SP",4.307692527771,1.38461542129517,2.66666666666667,1.33333333333333,102,"10","western_europe",0.0512820879618328,1.64102586110433,"left","left","extreme_left","center"
"netherlands","NL","Christian Union","CU",8.15384578704834,4.307692527771,7.5,4.33333333333333,1016,"10","western_europe",0.0256408055623369,0.65384578704834,"left","right","center","extreme_right"
"netherlands","NL","Party for Freedom","PVV",7.23076915740967,6.46153831481934,8.33333333333333,7.5,1017,"10","western_europe",1.03846168518066,1.10256417592367,"right","right","right","right"
"netherlands","NL","Party for the Animals","PVdD",2.92307686805725,3.18181824684143,1.33333333333333,2.83333333333333,1018,"10","western_europe",0.348484913508097,1.58974353472392,"left","left","left","left"
"netherlands","NL","50PLUS","50PLUS",5.59999990463257,4.45454549789429,5.5,4.16666666666667,1020,"10","western_europe",0.28787883122762,0.0999999046325684,"left","right","center","center"
"netherlands","NL","Think","DENK",7.54545450210571,3.5,2.5,3.5,1050,"10","western_europe",0,5.04545450210571,"left","right","left","right"
"netherlands","NL","Forum for Democracy","FvD",8.33333301544189,9.08333301544189,7.33333333333333,8.5,1051,"10","western_europe",0.583333015441895,0.999999682108561,"right","right","extreme_right","extreme_right"
"united kingdom","GB","Conservative Party","CONS",6.17647075653076,7.05882358551025,7.5,8.16666666666667,1101,"11","western_europe",1.10784308115641,1.32352924346924,"right","right","right","right"
"united kingdom","GB","Labour Party","LAB",2.29411768913269,1.94117641448975,3.33333333333333,3.16666666666667,1002,"11","western_europe",1.22549025217692,1.03921564420064,"left","left","extreme_left","left"
"united kingdom","GB","Liberal Democratic Party","LIBDEM",1.52941179275513,4.47058820724487,2,5,1104,"11","western_europe",0.529411792755127,0.470588207244873,"left","left","center","extreme_left"
"united kingdom","GB","Scottish National Party","SNP",2.66666674613953,3.4375,3,4,1105,"11","western_europe",0.5625,0.333333253860474,"left","left","left","left"
"united kingdom","GB","Party of Wales","PLAID",3,3.36363625526428,2.83333333333333,4.16666666666667,1106,"11","western_europe",0.803030411402385,0.166666666666667,"left","left","left","left"
"united kingdom","GB","Green Party","GREEN",0.8125,2.11764717102051,1,2,705,"11","western_europe",0.117647171020508,0.1875,"left","left","left","extreme_left"
"united kingdom","GB","United Kingdom Independence Party","UKIP",8.19999980926514,7.73333311080933,8.16666666666667,8,1108,"11","western_europe",0.266666889190674,0.0333331425984706,"right","right","right","extreme_right"
"united kingdom","GB","Brexit Party","BREXIT",8.61538505554199,6.88888883590698,7.33333333333333,8,1110,"11","western_europe",1.11111116409302,1.28205172220866,"right","right","right","extreme_right"
"portugal","PT","Democratic Unitarian Coalition","CDU",5.125,0.625,2.5,1.16666666666667,1201,"12","western_europe",0.541666666666667,2.625,"left","right","extreme_left","center"
"portugal","PT","CDS—People's Party","CDS/PP",8.875,8.5,8.5,8.16666666666667,1202,"12","western_europe",0.333333333333334,0.375,"right","right","extreme_right","extreme_right"
"portugal","PT","Socialist Party","PS",4.375,4,3.5,3.66666666666667,102,"12","western_europe",0.333333333333333,0.875,"left","left","center","center"
"portugal","PT","Social Democratic Party","PSD",7,6.5,5.5,6.5,1206,"12","western_europe",0,1.5,"right","right","right","right"
"portugal","PT","Left Bloc","BE",1.75,1,1.33333333333333,1.66666666666667,1208,"12","western_europe",0.666666666666667,0.416666666666667,"left","left","extreme_left","extreme_left"
"portugal","PT","Portuguese Communist Party","PCP",5.125,0.75,2.5,0.5,1210,"12","western_europe",0.25,2.625,"left","right","extreme_left","center"
"portugal","PT","Ecologist Party ""The Greens""","PEV",4.875,1.28571426868439,2.83333333333333,1,1211,"12","western_europe",0.285714268684387,2.04166666666667,"left","left","extreme_left","center"
"portugal","PT","People—Animals—Nature","PAN",4,3.83333325386047,2,3.16666666666667,1250,"12","western_europe",0.666666587193807,2,"left","left","left","center"
"austria","AT","Social Democratic Party of Austria","SPO",3.79999995231628,3.59999990463257,3.16666666666667,3,1301,"13","western_europe",0.599999904632568,0.633333285649618,"left","left","left","left"
"austria","AT","Austrian People's Party","OVP",7.09999990463257,6.90000009536743,7.16666666666667,7,1302,"13","western_europe",0.0999999046325684,0.0666667620340986,"right","right","right","right"
"austria","AT","Freedom Party of Austria","FPO",8.89999961853027,6.5,8.83333333333333,7.5,1303,"13","western_europe",1,0.0666662851969395,"right","right","right","extreme_right"
"austria","AT","The Greens—The Green Alternative","Grune",1.39999997615814,2.5,1.16666666666667,2.33333333333333,1304,"13","western_europe",0.166666666666667,0.233333309491475,"left","left","left","extreme_left"
"austria","AT","NEOS—The New Austria and Liberal Forum","NEOS",2.29999995231628,7.09999990463257,2.5,6.16666666666667,1306,"13","western_europe",0.933333237965901,0.200000047683716,"right","left","right","left"
"finland","FI","Social Democratic Party of Finland","SDP",3.28571438789368,3.21428561210632,3.16666666666667,2.83333333333333,1401,"14","western_europe",0.38095227877299,0.11904772122701,"left","left","left","left"
"finland","FI","National Coalition Party","KOK",5.07142877578735,7.85714292526245,5,7.83333333333333,1402,"14","western_europe",0.0238095919291181,0.0714287757873535,"right","right","right","center"
"finland","FI","Centre Party","KESK",6.7142858505249,6.07142877578735,5.66666666666667,5,1403,"14","western_europe",1.07142877578735,1.04761918385824,"right","right","right","right"
"finland","FI","Left Alliance","VAS",1.5,1.57142853736877,1.66666666666667,1.16666666666667,1404,"14","western_europe",0.404761870702108,0.166666666666667,"left","left","extreme_left","extreme_left"
"finland","FI","The Finns Party","PS",8.7857141494751,6.42857122421265,8,6.83333333333333,1405,"14","western_europe",0.404762109120687,0.785714149475098,"right","right","right","extreme_right"
"finland","FI","The Swedish People's Party of Finland","SFP",2.71428561210632,6.2142858505249,4,6,1406,"14","western_europe",0.214285850524902,1.28571438789368,"right","left","right","left"
"finland","FI","Green League","VIHR",0.928571403026581,4.14285707473755,1.83333333333333,3.66666666666667,1408,"14","western_europe",0.476190408070882,0.904761930306752,"left","left","center","extreme_left"
"finland","FI","Christian Democrats","KD",8.7857141494751,5.7142858505249,9,6.16666666666667,1409,"14","western_europe",0.452380816141765,0.214285850524902,"right","right","center","extreme_right"
"sweden","SE","Left Party","V",1.94117641448975,1.76470589637756,1.16666666666667,1,1601,"16","western_europe",0.764705896377563,0.774509747823079,"left","left","extreme_left","extreme_left"
"sweden","SE","Swedish Social Democratic Party","S/SAP",4.41176462173462,4.11764717102051,3.16666666666667,3,1602,"16","western_europe",1.11764717102051,1.24509795506795,"left","left","center","center"
"sweden","SE","Center Party","C",2.23529410362244,8,3.66666666666667,5,1603,"16","western_europe",3,1.43137256304423,"right","left","right","left"
"sweden","SE","Liberal People's Party","L",3.23529410362244,7.11764717102051,2.66666666666667,6.33333333333333,1604,"16","western_europe",0.784313837687175,0.56862743695577,"right","left","right","left"
"sweden","SE","Moderate Party","M",5.94117641448975,7.70588254928589,5.33333333333333,8,1605,"16","western_europe",0.294117450714111,0.607843081156413,"right","right","right","center"
"sweden","SE","Christian Democrats","KD",7.05882358551025,7.23529434204102,7.33333333333333,6.5,1409,"16","western_europe",0.735294342041016,0.274509747823079,"right","right","right","right"
"sweden","SE","Environment Party—The Greens","MP",1.58823525905609,3.94117641448975,1.33333333333333,2.5,1607,"16","western_europe",1.44117641448975,0.254901925722758,"left","left","left","extreme_left"
"sweden","SE","Sweden Democrats","SD",8.76470565795898,5.58823537826538,8.5,7.16666666666667,1610,"16","western_europe",1.57843128840129,0.264705657958984,"right","right","center","extreme_right"
"bulgaria","BG","Bulgarian Socialist Party","BSP",7.14285707473755,3,5.83333333333333,2,2003,"20","eastern_europe",1,1.30952374140422,"left","right","left","right"
"bulgaria","BG","Movement for Rights and Freedoms","DPS",6.14285707473755,4.9523811340332,5.66666666666667,4.66666666666667,2004,"20","eastern_europe",0.285714467366536,0.476190408070882,"left","right","center","right"
"bulgaria","BG","Bulgarian National Movement","BMRO",9.5,4.8095235824585,8.16666666666667,7,2005,"20","eastern_europe",2.1904764175415,1.33333333333333,"left","right","center","extreme_right"
"bulgaria","BG","Attack","Ataka",9.61904716491699,3.52631568908691,9.16666666666667,6.83333333333333,2007,"20","eastern_europe",3.30701764424642,0.452380498250326,"left","right","left","extreme_right"
"bulgaria","BG","Democrats for a Strong Bulgaria","DSB",4.68421030044556,7.94999980926514,4.66666666666667,7.83333333333333,2008,"20","eastern_europe",0.116666475931804,0.0175436337788897,"right","left","right","center"
"bulgaria","BG","Citizens for European Development of Bulgaria","GERB",5.7619047164917,6.09523820877075,5.5,6.66666666666667,2010,"20","eastern_europe",0.571428457895915,0.261904716491699,"right","right","right","center"
"bulgaria","BG","National Front for the Salvation of Bulgaria","NFSB",8.89999961853027,5.47368431091309,8.33333333333333,7.16666666666667,2014,"20","eastern_europe",1.69298235575358,0.56666628519694,"right","right","center","extreme_right"
"bulgaria","BG","Will","Volya",8.52631568908691,5.375,7.33333333333333,6.83333333333333,2017,"20","eastern_europe",1.45833333333333,1.19298235575358,"right","right","center","extreme_right"
"bulgaria","BG","Yes, Bulgaria!","DB",2.79999995231628,6.77777767181396,2.5,3.66666666666667,2018,"20","eastern_europe",3.1111110051473,0.299999952316284,"right","left","right","left"
"bulgaria","BG","Party of Slavi Trifonov","Slavi Trifonov",6.44444465637207,4.33333349227905,4.5,5.5,2019,"20","eastern_europe",1.16666650772095,1.94444465637207,"left","right","center","right"
"czech republic","CZ","Czech Social Democratic Party","CSSD",4.92307710647583,2.59259247779846,3.83333333333333,3,2101,"21","eastern_europe",0.407407522201538,1.0897437731425,"left","left","left","center"
"czech republic","CZ","Civic Democratic Party","ODS",7.03703689575195,7.70370388031006,7.16666666666667,8.16666666666667,2102,"21","eastern_europe",0.462962786356607,0.129629770914714,"right","right","right","right"
"czech republic","CZ","Communist Party of Bohemia and Moravia","KSCM",8.07407379150391,1.03846156597137,5.5,1,2103,"21","eastern_europe",0.0384615659713745,2.57407379150391,"left","right","extreme_left","extreme_right"
"czech republic","CZ","Christian Democratic Union-Czechoslovak People's Party","KDU-CSL",7.77777767181396,5.53846168518066,8.16666666666667,5,2104,"21","eastern_europe",0.538461685180664,0.388888994852701,"right","right","center","right"
"czech republic","CZ","Tradition Responsibility Prosperity 09","TOP09",4.85185194015503,7.33333349227905,7,6.83333333333333,2109,"21","eastern_europe",0.50000015894572,2.14814805984497,"right","left","right","center"
"czech republic","CZ","Action of Dissatisfied Citizens","ANO2011",5.73076915740967,4.5,5.16666666666667,6,2111,"21","eastern_europe",1.5,0.564102490743001,"left","right","center","center"
"czech republic","CZ","Czech Pirate Party","Pirates",1,4.3461537361145,2,4,2114,"21","eastern_europe",0.346153736114502,1,"left","left","center","extreme_left"
"czech republic","CZ","Freedom and Direct Democracy Tomio Okamura","SPD",9.37036991119385,4.66666650772095,8.83333333333333,8.5,2115,"21","eastern_europe",3.83333349227905,0.537036577860514,"left","right","center","extreme_right"
"czech republic","CZ","Mayors and Independents","STAN",4.07692289352417,6.57692289352417,4,5.16666666666667,2116,"21","eastern_europe",1.4102562268575,0.0769228935241699,"right","left","right","center"
"estonia","EE","Pro Patria and Res Publica Union","IRL",7.38461542129517,7.07692289352417,7.66666666666667,7.83333333333333,2201,"22","eastern_europe",0.756410439809163,0.282051245371501,"right","right","right","right"
"estonia","EE","Estonian Center Party","EK",4.61538457870483,3.76923084259033,5.66666666666667,3.33333333333333,2202,"22","eastern_europe",0.435897509256999,1.05128208796183,"left","left","left","center"
"estonia","EE","Estonian Reform Party","ER",3.07692313194275,7.46153831481934,4,7.83333333333333,2203,"22","eastern_europe",0.371795018513997,0.923076868057251,"right","left","right","left"
"estonia","EE","Social Democratic Party","SDE",1.69230771064758,3.38461542129517,2.33333333333333,2.33333333333333,1206,"22","eastern_europe",1.05128208796183,0.64102562268575,"left","left","left","extreme_left"
"estonia","EE","Conservative People's Party","EKRE",9.53846168518066,4.692307472229,8.83333333333333,9,203,"22","eastern_europe",4.307692527771,0.70512835184733,"left","right","center","extreme_right"
"estonia","EE","Estonia 200","E200",2.1538462638855,5.8461537361145,4.16666666666667,6,2210,"22","eastern_europe",0.153846263885498,2.01282040278117,"right","left","center","left"
"hungary","HU","Hungarian Socialist Party","MSZP",3.73333334922791,4,3.33333333333333,2.16666666666667,2301,"23","eastern_europe",1.83333333333333,0.400000015894572,"left","left","center","left"
"hungary","HU","Fidesz—Hungarian Civic Union","Fidesz-KDNP",9.19999980926514,3.73333334922791,8.83333333333333,7.66666666666667,2302,"23","eastern_europe",3.93333331743876,0.366666475931803,"left","right","left","extreme_right"
"hungary","HU","Jobbik—Movement for a Better Hungary","JOBBIK",8.06666660308838,4.13333320617676,8.66666666666667,5.66666666666667,2308,"23","eastern_europe",1.53333346048991,0.600000063578287,"left","right","center","extreme_right"
"hungary","HU","Politics Can Be Different","LMP",3.06666660308838,3.73333334922791,2.16666666666667,3.5,2309,"23","eastern_europe",0.233333349227905,0.899999936421712,"left","left","left","left"
"hungary","HU","Together 2019","E14",1.42857146263123,4.66666650772095,3.66666666666667,2.66666666666667,2310,"23","eastern_europe",1.99999984105428,2.23809520403544,"left","left","center","extreme_left"
"hungary","HU","Democratic Coalition","DK",2.13333344459534,4.66666650772095,3,2.5,2311,"23","eastern_europe",2.16666650772095,0.866666555404663,"left","left","center","left"
"hungary","HU","Momentum Movement","MM",1.60000002384186,5.93333339691162,2.66666666666667,4,2314,"23","eastern_europe",1.93333339691162,1.06666664282481,"right","left","center","extreme_left"
"latvia","LV","Latvian Russian Union","LKS",7,3.20000004768372,3.33333333333333,2.16666666666667,2402,"24","eastern_europe",1.03333338101705,3.66666666666667,"left","right","left","right"
"latvia","LV","Union of Greens and Farmers","ZZS",7.63636350631714,5.45454549789429,7,4.83333333333333,2405,"24","eastern_europe",0.621212164560954,0.636363506317139,"right","right","center","right"
"latvia","LV","National Alliance","NA",8.09090900421143,6.09090900421143,9.16666666666667,7.33333333333333,2406,"24","eastern_europe",1.24242432912191,1.07575766245524,"right","right","right","extreme_right"
"latvia","LV","Social Democratic Party ""Harmony""","SDPS",6.27272748947144,4,4.16666666666667,2.66666666666667,2410,"24","eastern_europe",1.33333333333333,2.10606082280477,"left","right","center","right"
"latvia","LV","Unity","V",4.81818199157715,7.18181800842285,4.33333333333333,6.5,2412,"24","eastern_europe",0.681818008422852,0.484848658243815,"right","left","right","center"
"latvia","LV","Latvian Association of Regions","LRA",6.22222232818604,6.625,5.66666666666667,5.66666666666667,2414,"24","eastern_europe",0.958333333333333,0.555555661519368,"right","right","right","right"
"latvia","LV","Who owns the state?","KPV LV",5.5,5,6.66666666666667,3.83333333333333,2415,"24","eastern_europe",1.16666666666667,1.16666666666667,"center","right","center","center"
"latvia","LV","New Conservative Party","JKP",7.09090900421143,6.18181800842285,8.33333333333333,6.66666666666667,2416,"24","eastern_europe",0.484848658243815,1.24242432912191,"right","right","right","right"
"latvia","LV","Development/For!","AP!",1.90909087657928,5.90000009536743,2.16666666666667,6,2417,"24","eastern_europe",0.0999999046325684,0.257575790087382,"right","left","center","extreme_left"
"lithuania","LT","Social Democratic Party of Lithuania","LSDP",2.72727274894714,2.81818175315857,2.83333333333333,2.33333333333333,2501,"25","eastern_europe",0.484848419825236,0.10606058438619,"left","left","left","left"
"lithuania","LT","Homeland Union","TS-LKD",6.63636350631714,6.72727251052856,6.66666666666667,7.66666666666667,2506,"25","eastern_europe",0.939394156138103,0.0303031603495283,"right","right","right","right"
"lithuania","LT","Lithuanian Peasant Union","LVZS",8.45454502105713,4,6.33333333333333,3.33333333333333,2507,"25","eastern_europe",0.666666666666667,2.1212116877238,"left","right","center","extreme_right"
"lithuania","LT","Electoral Action of Lithuania's Poles","LLRA",9.45454502105713,2.81818175315857,9,4.16666666666667,2511,"25","eastern_europe",1.3484849135081,0.454545021057129,"left","right","left","extreme_right"
"lithuania","LT","Order and Justice","TT",8.6363639831543,4.27272748947144,7.83333333333333,6.5,2515,"25","eastern_europe",2.22727251052856,0.803030649820964,"left","right","center","extreme_right"
"lithuania","LT","Labour Party","DP",6.09999990463257,4.90909099578857,5.16666666666667,3.33333333333333,1002,"25","eastern_europe",1.57575766245524,0.933333237965901,"left","right","center","right"
"lithuania","LT","Liberal Movement of the Republic of Lithuania","LRLS",1.90909087657928,8.27272701263428,1.83333333333333,7.83333333333333,2518,"25","eastern_europe",0.439393679300944,0.0757575432459514,"right","left","extreme_right","extreme_left"
"lithuania","LT","Lithuanian Centre Party","LCP",8.625,3.77777767181396,6.33333333333333,5.66666666666667,2521,"25","eastern_europe",1.8888889948527,2.29166666666667,"left","right","left","extreme_right"
"lithuania","LT","Lithuanian Green Party","LZP",3.33333325386047,4.33333349227905,3.33333333333333,3.5,2522,"25","eastern_europe",0.833333492279053,7.94728598485506e-08,"left","left","center","left"
"lithuania","LT","Public election committee ""Aušra Maldeikienė's Train""","VKM-AMT",3.11111116409302,4.11111116409302,2.83333333333333,5.33333333333333,2523,"25","eastern_europe",1.22222216924032,0.277777830759684,"left","left","center","left"
"poland","PL","Democratic Left Alliance","SLD",3.57142853736877,3.90476179122925,2.5,2,2601,"26","eastern_europe",1.90476179122925,1.07142853736877,"left","left","left","left"
"poland","PL","Civic Platform","PO",4.66666650772095,6.57142877578735,4.33333333333333,5.33333333333333,2603,"26","eastern_europe",1.23809544245402,0.333333174387614,"right","left","right","center"
"poland","PL","Law and Justice Party","PiS",9.14285755157471,2.95238089561462,9,5.5,2605,"26","eastern_europe",2.54761910438538,0.142857551574707,"left","right","left","extreme_right"
"poland","PL","Polish People's Party","PSL",7.09999990463257,4.33333349227905,6.66666666666667,4.66666666666667,2606,"26","eastern_europe",0.333333174387614,0.433333237965901,"left","right","center","right"
"poland","PL","Kukiz '15","Kukiz",7.61111116409302,6.75,7,6.33333333333333,2617,"26","eastern_europe",0.416666666666667,0.611111164093018,"right","right","right","right"
"poland","PL","Modern","Nowo",2.61111116409302,7.66666650772095,3.16666666666667,6.16666666666667,2618,"26","eastern_europe",1.49999984105428,0.555555502573649,"right","left","right","left"
"poland","PL","Confederation Liberty and Independence","Konfederacia",9.52631568908691,9.05882358551025,8.5,9,2619,"26","eastern_europe",0.0588235855102539,1.02631568908691,"right","right","extreme_right","extreme_right"
"poland","PL","Left Together","Lewica Razem",1.22222220897675,1.29411768913269,2,1.33333333333333,2620,"26","eastern_europe",0.0392156442006428,0.777777791023254,"left","left","extreme_left","extreme_left"
"poland","PL","Spring","Wiosnia",0.842105269432068,3.5,1.5,2.83333333333333,2621,"26","eastern_europe",0.666666666666667,0.657894730567932,"left","left","left","extreme_left"
"romania","RO","Social Democratic Party","PSD",8.25,3.375,7.5,2.66666666666667,1206,"27","eastern_europe",0.708333333333333,0.75,"left","right","left","extreme_right"
"romania","RO","National Liberal Party","PNL",6,7.25,6.33333333333333,6.66666666666667,2705,"27","eastern_europe",0.583333333333333,0.333333333333333,"right","right","right","center"
"romania","RO","Hungarian Democratic Union of Romania","UDMR",6.0625,5.6875,6.5,5.16666666666667,2706,"27","eastern_europe",0.520833333333333,0.4375,"right","right","center","right"
"romania","RO","People's Movement Party","PMP",7.2142858505249,7.35714292526245,8,7,2711,"27","eastern_europe",0.357142925262451,0.785714149475098,"right","right","right","right"
"romania","RO","Alliance of Liberals and Democrats","ALDE",6.25,6.13333320617676,5.5,6,2712,"27","eastern_europe",0.133333206176758,0.75,"right","right","right","right"
"romania","RO","Save Romania Union","USR",2.625,6.5,2.83333333333333,4.16666666666667,2713,"27","eastern_europe",2.33333333333333,0.208333333333333,"right","left","right","left"
"romania","RO","PRO Romania","PRO",6.53846168518066,4.53333330154419,5.33333333333333,3.66666666666667,2714,"27","eastern_europe",0.866666634877523,1.20512835184733,"left","right","center","right"
"slovakia","SK","Direction—Social Democracy","Smer-SD",7.875,3.5,7,2.33333333333333,2803,"28","eastern_europe",1.16666666666667,0.875,"left","right","left","right"
"slovakia","SK","Hungarian Coalition","SMK-MKP",7.14285707473755,5.53846168518066,6.5,4.66666666666667,2804,"28","eastern_europe",0.871795018513997,0.642857074737549,"right","right","center","right"
"slovakia","SK","Christian Democratic Movement","KDH",8.0625,6.1875,9,6.5,2805,"28","eastern_europe",0.3125,0.9375,"right","right","right","extreme_right"
"slovakia","SK","Slovak National Party","SNS",8.9375,4.4375,9.16666666666667,6.66666666666667,2809,"28","eastern_europe",2.22916666666667,0.229166666666666,"left","right","center","extreme_right"
"slovakia","SK","Freedom and Solidarity","SaS",3.1875,8.125,2,8.16666666666667,2812,"28","eastern_europe",0.0416666666666661,1.1875,"right","left","extreme_right","left"
"slovakia","SK","Bridge","MH",4.8125,5.75,5.5,5,2813,"28","eastern_europe",0.75,0.6875,"right","left","center","center"
"slovakia","SK","Ordinary People and Independent","OLaNO",6.7857141494751,6,6.33333333333333,5,2814,"28","eastern_europe",1,0.452380816141765,"right","right","center","right"
"slovakia","SK","Network","Siet",4,7.75,6.16666666666667,5.16666666666667,2816,"28","eastern_europe",2.58333333333333,2.16666666666667,"right","left","right","center"
"slovakia","SK","People's Party—Our Slovakia","LSNS",9.8125,3.9375,10,8.16666666666667,2817,"28","eastern_europe",4.22916666666667,0.1875,"left","right","left","extreme_right"
"slovakia","SK","We are family—Boris Kollar","Sme Rodina",8.4375,4.85714292526245,7.83333333333333,5.83333333333333,2818,"28","eastern_europe",0.976190408070882,0.604166666666667,"left","right","center","extreme_right"
"slovakia","SK","Progressive Slovakia","PS",1.5,5,1.5,3.16666666666667,2819,"28","eastern_europe",1.83333333333333,0,"center","left","center","extreme_left"
"slovakia","SK","TOGETHER—Civic Democracy","SPOLU",3,6.125,3.66666666666667,5.5,2820,"28","eastern_europe",0.625,0.666666666666667,"right","left","right","left"
"slovakia","SK","For the People","Za Ludi",5,6.625,4.66666666666667,4.83333333333333,2821,"28","eastern_europe",1.79166666666667,0.333333333333333,"right","center","right","center"
"slovenia","SI","Slovenian Democratic Party","SDS",8.73333358764648,7.5,8.33333333333333,8.33333333333333,2902,"29","eastern_europe",0.833333333333334,0.40000025431315,"right","right","right","extreme_right"
"slovenia","SI","Social Democrats","SD",2.53333330154419,3.07142853736877,3.16666666666667,2.83333333333333,710,"29","eastern_europe",0.238095204035441,0.633333365122477,"left","left","left","left"
"slovenia","SI","New Slovenia-Christian People's Party","NSI",8,7.35714292526245,7.5,7,2905,"29","eastern_europe",0.357142925262451,0.5,"right","right","right","right"
"slovenia","SI","Democratic Party of Pensioners of Slovenia","DeSUS",5.06666660308838,3.28571438789368,5.66666666666667,4.33333333333333,2906,"29","eastern_europe",1.04761894543966,0.600000063578288,"left","right","left","center"
"slovenia","SI","Slovenian National Party","SNS",8.46666622161865,6.307692527771,9,6.5,2907,"29","eastern_europe",0.192307472229004,0.533333778381348,"right","right","right","extreme_right"
"slovenia","SI","Party of Miro Cerar","SMC",4.06666660308838,5.14285707473755,4.33333333333333,5.16666666666667,2911,"29","eastern_europe",0.0238095919291181,0.266666730244954,"right","left","center","center"
"slovenia","SI","The Left","Levica",1,0.714285731315613,1.66666666666667,1.16666666666667,306,"29","eastern_europe",0.452380935351054,0.666666666666667,"left","left","extreme_left","extreme_left"
"slovenia","SI","Party of Alenka Bratusek","Alenka Bratusek",3.33333325386047,4.35714292526245,3.5,3.83333333333333,2913,"29","eastern_europe",0.523809591929118,0.166666746139526,"left","left","center","left"
"slovenia","SI","List of Marjan Sarec","LMS",4.64285707473755,4.64285707473755,4.16666666666667,4.83333333333333,2915,"29","eastern_europe",0.190476258595784,0.476190408070882,"left","left","center","center"
"croatia","HR","Croatian Democratic Union","HDZ",7.125,4.83333349227905,8.33333333333333,7.5,3101,"31","eastern_europe",2.66666650772095,1.20833333333333,"left","right","center","right"
"croatia","HR","Social Democratic Party of Croatia","SDP",2.29166674613953,3.83333325386047,2.66666666666667,2.5,3102,"31","eastern_europe",1.33333325386047,0.37499992052714,"left","left","left","left"
"croatia","HR","Croatian Peasant Party","HSS",4.66666650772095,3.54545450210571,7,4.5,3103,"31","eastern_europe",0.954545497894287,2.33333349227905,"left","left","left","center"
"croatia","HR","Croatian Social Liberal Party","HSLS",3.54545450210571,6.95833349227905,4.16666666666667,6,3104,"31","eastern_europe",0.958333492279053,0.621212164560954,"right","left","right","left"
"croatia","HR","Croatian People's Party—Liberal Democrats","HNS",1.91666662693024,6.29166650772095,3.16666666666667,5,3105,"31","eastern_europe",1.29166650772095,1.25000003973643,"right","left","right","extreme_left"
"croatia","HR","Istrian Democratic Assembly","IDS",1.33333337306976,5.26086950302124,3,3.66666666666667,3106,"31","eastern_europe",1.59420283635457,1.66666662693024,"right","left","center","extreme_left"
"croatia","HR","Croatian Democratic Assembly of Slavonija and Baranja","HDSSB",8.54545497894287,5.0625,7.16666666666667,6.66666666666667,3107,"31","eastern_europe",1.60416666666667,1.3787883122762,"right","right","center","extreme_right"
"croatia","HR","Croatian Party of Pensioners","HSU",4.94117641448975,2.7619047164917,5.83333333333333,3.16666666666667,3108,"31","eastern_europe",0.404761950174967,0.892156918843587,"left","left","left","center"
"croatia","HR","Independent Democratic Serb Party","SDSS",2.90476179122925,2.73684215545654,2.33333333333333,2,3110,"31","eastern_europe",0.736842155456543,0.571428457895915,"left","left","left","left"
"croatia","HR","Bridge of Independent Lists","Most",8.5,5.77272748947144,5.66666666666667,5.33333333333333,3115,"31","eastern_europe",0.439394156138103,2.83333333333333,"right","right","center","extreme_right"
"croatia","HR","Human Shield","ZZ",4.95652151107788,3.19047617912292,3.5,2,3116,"31","eastern_europe",1.19047617912292,1.45652151107788,"left","left","left","center"
"croatia","HR","Milan Bandic 365—The Party of Labour and Solidarity","MB 365",6.04347848892212,3.66666674613953,6.66666666666667,4.5,3117,"31","eastern_europe",0.833333253860474,0.623188177744548,"left","right","left","right"
"croatia","HR","People's Party-Reformists","NS-R",2.95454549789429,6,4.66666666666667,6.16666666666667,3118,"31","eastern_europe",0.166666666666667,1.71212116877238,"right","left","center","left"
"croatia","HR","Croatian Conservative Party","HKS",9.47826099395752,6,8.66666666666667,7.33333333333333,3119,"31","eastern_europe",1.33333333333333,0.811594327290853,"right","right","center","extreme_right"
"turkey","TR","Justice and Development Party","AKP",9.44444465637207,6.77777767181396,8.5,7.16666666666667,3401,"34","middle_east",0.388888994852702,0.94444465637207,"right","right","right","extreme_right"
"turkey","TR","Republican People's Party","CHP",3.44444441795349,4,3,3.33333333333333,3402,"34","middle_east",0.666666666666667,0.444444417953491,"left","left","center","left"
"turkey","TR","Nationalist Movement Party","MHP",9.44444465637207,7,9,6.66666666666667,3403,"34","middle_east",0.333333333333333,0.44444465637207,"right","right","right","extreme_right"
"turkey","TR","Peoples' Democratic Party","HDP",1.33333337306976,1.875,1.83333333333333,2,3407,"34","middle_east",0.125,0.49999996026357,"left","left","extreme_left","extreme_left"
"turkey","TR","Good Party","IYI",5.625,5.875,7,5.33333333333333,3408,"34","middle_east",0.541666666666667,1.375,"right","right","center","center"
"norway","NO","Labour Party","Ap",3.20000004768372,3.40000009536743,2.33333333333333,3.16666666666667,1002,"35","western_europe",0.233333428700765,0.866666714350382,"left","left","left","left"
"norway","NO","Progress Party","FrP",6.80000019073486,7.90000009536743,6.83333333333333,8.5,3502,"35","western_europe",0.599999904632568,0.0333331425984698,"right","right","right","right"
"norway","NO","Conservative Party","H",5.40000009536743,7.30000019073486,5.5,7.5,1101,"35","western_europe",0.199999809265137,0.0999999046325684,"right","right","right","center"
"norway","NO","Socialist Left Party","SV",1.10000002384186,1.5,1.66666666666667,2,3504,"35","western_europe",0.5,0.566666642824809,"left","left","extreme_left","extreme_left"
"norway","NO","Centre Party","Sp",6.59999990463257,4.5,6,4.33333333333333,1403,"35","western_europe",0.166666666666667,0.599999904632568,"left","right","center","right"
"norway","NO","Christian Democratic Party","KrF",7.80000019073486,5,8.33333333333333,5,3506,"35","western_europe",0,0.533333142598471,"center","right","center","right"
"norway","NO","Liberal Party","V",1.79999995231628,6.59999990463257,2.5,5.83333333333333,3507,"35","western_europe",0.766666571299235,0.700000047683716,"right","left","right","extreme_left"
"norway","NO","Green Party","MDG",1.89999997615814,3.90000009536743,1,3.33333333333333,705,"35","western_europe",0.566666762034098,0.899999976158142,"left","left","left","extreme_left"
"norway","NO","Red Party","RV",1.39999997615814,0.400000005960464,1.5,1,3509,"35","western_europe",0.599999994039536,0.100000023841858,"left","left","extreme_left","extreme_left"
"switzerland","CH","Swiss People's Party","SVP/UDC",9.3636360168457,8.18181800842285,8.66666666666667,8.5,3601,"36","western_europe",0.318181991577148,0.696969350179037,"right","right","extreme_right","extreme_right"
"switzerland","CH","Social Democratic Party of Switzerland","SP/PS",1.36363637447357,1.63636362552643,1.66666666666667,1.83333333333333,3602,"36","western_europe",0.196969707806905,0.303030292193095,"left","left","extreme_left","extreme_left"
"switzerland","CH","FDP. The Liberals","FDP/PLR",5,8.09090900421143,4.66666666666667,8,3603,"36","western_europe",0.0909090042114258,0.333333333333333,"right","center","extreme_right","center"
"switzerland","CH","Christian Democratic People's Party","CVP/PVC",5.72727251052856,5.27272748947144,6.66666666666667,5.33333333333333,3604,"36","western_europe",0.0606058438618975,0.939394156138103,"right","right","center","center"
"switzerland","CH","Green Party","GPS/PES",0.727272748947144,1.54545450210571,1,1.66666666666667,705,"36","western_europe",0.121212164560954,0.272727251052856,"left","left","extreme_left","extreme_left"
"switzerland","CH","Green Liberal Party","GPL/PVL",2.36363625526428,6.09090900421143,3.33333333333333,4.83333333333333,3606,"36","western_europe",1.25757567087809,0.969697078069051,"right","left","right","left"
"switzerland","CH","Evangelical People's Party","EVP/PEV",7.09090900421143,4.33333349227905,7.66666666666667,3.66666666666667,3607,"36","western_europe",0.666666825612386,0.575757662455241,"left","right","center","right"
"switzerland","CH","Conservative Democratic Party","BDP/PBD",6.09090900421143,5.80000019073486,6,6.16666666666667,3612,"36","western_europe",0.366666475931804,0.0909090042114258,"right","right","center","right"
"malta","MT","Labour Party","PL",2,6.42857122421265,3.33333333333333,3.5,1002,"37","western_europe",2.92857122421265,1.33333333333333,"right","left","right","left"
"malta","MT","Nationalist Party","PN",6.57142877578735,6.42857122421265,6.5,6.5,3702,"37","western_europe",0.0714287757873535,0.0714287757873535,"right","right","right","right"
"luxembourg","LU","Christian Social People's Party","CSV",6,5.5,7.33333333333333,6.5,3801,"38","western_europe",1,1.33333333333333,"right","right","center","center"
"luxembourg","LU","The Greens","Greng",3,4.5,1.83333333333333,3.16666666666667,3802,"38","western_europe",1.33333333333333,1.16666666666667,"left","left","center","left"
"luxembourg","LU","Democratic Party","DP",4,5.5,3.16666666666667,6.66666666666667,837,"38","western_europe",1.16666666666667,0.833333333333333,"right","left","center","center"
"luxembourg","LU","Luxembourg Socialist Workers' Party","LSAP",4,4,2.83333333333333,2.66666666666667,3804,"38","western_europe",1.33333333333333,1.16666666666667,"left","left","center","center"
"luxembourg","LU","Alternative Democratic Reform Party","ADR",8,7,8.16666666666667,7.66666666666667,3805,"38","western_europe",0.666666666666667,0.166666666666666,"right","right","right","right"
"luxembourg","LU","The Left","DL",2.5,1.5,1.33333333333333,1.33333333333333,306,"38","western_europe",0.166666666666667,1.16666666666667,"left","left","extreme_left","left"
"luxembourg","LU","Pirate Party Luxembourg","PPLU",5,5.5,2.33333333333333,4.66666666666667,3807,"38","western_europe",0.833333333333333,2.66666666666667,"right","center","center","center"
"cyprus","CY","Democratic Rally","DISY",6.5,8,6.33333333333333,7.33333333333333,4001,"40","western_europe",0.666666666666667,0.166666666666667,"right","right","right","right"
"cyprus","CY","Progressive Party of Working People","AKEL",2.5,2.5,2,1.83333333333333,4003,"40","western_europe",0.666666666666667,0.5,"left","left","left","left"
"cyprus","CY","Democratic Party","DIKO",6,6,7,5.5,837,"40","western_europe",0.5,1,"right","right","center","center"
"cyprus","CY","Movement for Social Democracy EDEK","EDEK",6,4.5,5.5,4.33333333333333,4005,"40","western_europe",0.166666666666667,0.5,"left","right","center","center"
"cyprus","CY","Ecological and Environmental Movement","KOP",3,4,3,3.33333333333333,4006,"40","western_europe",0.666666666666667,0,"left","left","center","left"
"cyprus","CY","Citizens' Alliance","SYM",3.5,4.5,5.33333333333333,5.66666666666667,4007,"40","western_europe",1.16666666666667,1.83333333333333,"left","left","center","left"
"cyprus","CY","Solidarity Movement","KINHMA",7.5,7,8,6.33333333333333,4008,"40","western_europe",0.666666666666667,0.5,"right","right","right","right"
"cyprus","CY","National Popular Front","ELAM",10,7.5,9.16666666666667,8.66666666666667,4009,"40","western_europe",1.16666666666667,0.833333333333334,"right","right","right","extreme_right"
"iceland","IS","Independence Party","Sj",4.59999990463257,7.40000009536743,6.16666666666667,8,4501,"45","western_europe",0.599999904632568,1.5666667620341,"right","left","right","center"
"iceland","IS","Left-Green Movement","Graen",0.800000011920929,2.40000009536743,2.33333333333333,1.66666666666667,4502,"45","western_europe",0.733333428700765,1.5333333214124,"left","left","left","extreme_left"
"iceland","IS","Progressive Party","F",3.59999990463257,5,5.83333333333333,5,4503,"45","western_europe",0,2.23333342870076,"center","left","center","left"
"iceland","IS","Centre Party","M",6.40000009536743,6.19999980926514,6.33333333333333,6.16666666666667,1403,"45","western_europe",0.0333331425984698,0.0666667620340986,"right","right","right","right"
"iceland","IS","Social Democratic Alliance","Sam",1.60000002384186,3.20000004768372,2.16666666666667,2.83333333333333,4505,"45","western_europe",0.366666714350382,0.566666642824809,"left","left","left","extreme_left"
"iceland","IS","Pirate Party","Pi",0.400000005960464,4.19999980926514,1,3.83333333333333,4506,"45","western_europe",0.366666475931803,0.599999994039536,"left","left","center","extreme_left"
"iceland","IS","Reform Party","V",1.20000004768372,6.59999990463257,3.66666666666667,6.83333333333333,4507,"45","western_europe",0.233333428700765,2.46666661898295,"right","left","right","extreme_left"
"iceland","IS","People's Party","FIF",5.19999980926514,4,7.33333333333333,4.16666666666667,502,"45","western_europe",0.166666666666667,2.1333335240682,"left","right","center","center"
"Argentina","AR","Everybody's Front","FT",3.88888888888889,3.38888888888889,4.16666666666667,3,NA,NA,"latin_america",0.388888888888889,0.277777777777778,"left","left","left","left"
"Argentina","AR","Together for Change","JC",6.33333333333333,7.27777777777778,6.33333333333333,7.16666666666667,NA,NA,"latin_america",0.111111111111111,0,"right","right","right","right"
"Argentina","AR","Federal Consensus","CF",6.66666666666667,5.76470588235294,5.33333333333333,5.16666666666667,NA,NA,"latin_america",0.598039215686274,1.33333333333333,"right","right","center","right"
"Argentina","AR","Left Front","FI",2.64705882352941,1.22222222222222,1.66666666666667,1,NA,NA,"latin_america",0.222222222222222,0.980392156862745,"left","left","extreme_left","left"
"Argentina","AR","Alberto Fernández","AF",3.38888888888889,4.22222222222222,3.66666666666667,3.16666666666667,NA,NA,"latin_america",1.05555555555556,0.277777777777778,"left","left","center","left"
"Bolivia","BO","Movement for Socialism","MAS",6,2.75,6.83333333333333,1.33333333333333,NA,NA,"latin_america",1.41666666666667,0.833333333333333,"left","right","left","center"
"Bolivia","BO","Civic Community","CC",3.875,5.375,3.66666666666667,4.33333333333333,NA,NA,"latin_america",1.04166666666667,0.208333333333333,"right","left","center","left"
"Bolivia","BO","Democrat Social Movement","MDS",7.5,8.5,6.83333333333333,5.5,NA,NA,"latin_america",3,0.666666666666667,"right","right","extreme_right","right"
"Bolivia","BO","Natinal Unity Front","FUN",6.14285714285714,6,6.16666666666667,6,NA,NA,"latin_america",0,0.0238095238095237,"right","right","center","right"
"Bolivia","BO","We Believe/Create","CR",9,9.125,7,6.33333333333333,NA,NA,"latin_america",2.79166666666667,2,"right","right","extreme_right","extreme_right"
"Bolivia","BO","Front for Victory","FV",9.16666666666667,8.5,6.16666666666667,3,NA,NA,"latin_america",5.5,3,"right","right","extreme_right","extreme_right"
"Bolivia","BO","Revolutionary Nationalist Movement","MNR",6.5,6.75,6.83333333333333,5.66666666666667,NA,NA,"latin_america",1.08333333333333,0.333333333333333,"right","right","right","right"
"Bolivia","BO","Jeanine Áñez","JA",8.85714285714286,8.875,7.83333333333333,7,NA,NA,"latin_america",1.875,1.02380952380952,"right","right","extreme_right","extreme_right"
"Brazil","BR","Workers’ Party","PT",1.84615384615385,2.61538461538462,2.5,2,NA,NA,"latin_america",0.615384615384615,0.653846153846154,"left","left","left","extreme_left"
"Brazil","BR","Social Liberal Party","PSL",9.69230769230769,8.53846153846154,8.16666666666667,8,NA,NA,"latin_america",0.538461538461538,1.52564102564103,"right","right","extreme_right","extreme_right"
"Brazil","BR","Progressive Party","PP",7.81818181818182,7.46153846153846,7,6.5,4503,NA,"latin_america",0.961538461538462,0.818181818181818,"right","right","right","right"
"Brazil","BR","Social Democratic Party","PSD",7,6.41666666666667,5.83333333333333,6.16666666666667,1206,NA,"latin_america",0.25,1.16666666666667,"right","right","right","right"
"Brazil","BR","Brazilian Democratic Movement","MDB",5.66666666666667,5.30769230769231,5.5,5.16666666666667,NA,NA,"latin_america",0.141025641025641,0.166666666666667,"right","right","center","center"
"Brazil","BR","Party of the Republic","PR",7.9,7.2,7.16666666666667,6.66666666666667,NA,NA,"latin_america",0.533333333333333,0.733333333333333,"right","right","right","right"
"Brazil","BR","Brazilian Socialist Party","PS",3.08333333333333,2.84615384615385,3.33333333333333,3.5,NA,NA,"latin_america",0.653846153846154,0.25,"left","left","left","left"
"Brazil","BR","Brazilian Republican Party","PRB",8.27272727272727,7.63636363636364,8.16666666666667,6,NA,NA,"latin_america",1.63636363636364,0.106060606060607,"right","right","right","extreme_right"
"Brazil","BR","Brazilian Social Democratic Party","PSDB",3.5,5.25,4.5,4.66666666666667,NA,NA,"latin_america",0.583333333333333,1,"right","left","center","left"
"Brazil","BR","Democrats","DEM",5.91666666666667,7.15384615384615,7.33333333333333,7.83333333333333,NA,NA,"latin_america",0.679487179487179,1.41666666666667,"right","right","right","center"
"Brazil","BR","Democratic Labor Party","PDT",4.16666666666667,3.76923076923077,3.83333333333333,3,NA,NA,"latin_america",0.769230769230769,0.333333333333333,"left","left","left","center"
"Brazil","BR","Jair Bolsonaro","JB",9.76923076923077,8.76923076923077,9.16666666666667,8.83333333333333,NA,NA,"latin_america",0.0641025641025639,0.602564102564104,"right","right","extreme_right","extreme_right"
"Chile","CL","National Renewal","RN",6.83333333333333,7.11111111111111,7.16666666666667,8.16666666666667,NA,NA,"latin_america",1.05555555555556,0.333333333333334,"right","right","right","right"
"Chile","CL","Independent Democratic Union","UDI",9.11111111111111,8.94444444444444,8.16666666666667,9,NA,NA,"latin_america",0.0555555555555554,0.944444444444445,"right","right","extreme_right","extreme_right"
"Chile","CL","Christian Democratic Party","PDC",6.05555555555556,5,5.83333333333333,5,3506,NA,"latin_america",0,0.222222222222222,"center","right","center","right"
"Chile","CL","Socialist Party","PS",3.22222222222222,3.11111111111111,2.5,2.5,102,NA,"latin_america",0.611111111111111,0.722222222222222,"left","left","left","left"
"Chile","CL","Party for Democracy","PPD",3,3.61111111111111,3.5,3.83333333333333,NA,NA,"latin_america",0.222222222222222,0.5,"left","left","left","left"
"Chile","CL","Democratic Revolution","RD",1.16666666666667,2.27777777777778,2.16666666666667,3,NA,NA,"latin_america",0.722222222222222,1,"left","left","left","extreme_left"
"Chile","CL","Communist Party","PC",4.27777777777778,1.22222222222222,1.33333333333333,1,NA,NA,"latin_america",0.222222222222222,2.94444444444444,"left","left","extreme_left","center"
"Chile","CL","Political Evolution","EVOPOLI",5.55555555555556,7.33333333333333,5.33333333333333,7.16666666666667,NA,NA,"latin_america",0.166666666666666,0.222222222222222,"right","right","right","center"
"Chile","CL","Humanist Party","HUM",1.16666666666667,1.64705882352941,1.33333333333333,2,NA,NA,"latin_america",0.352941176470588,0.166666666666667,"left","left","extreme_left","extreme_left"
"Chile","CL","Social Democratic Radical Party","PRSD",4.5,3.88235294117647,3.83333333333333,4.66666666666667,NA,NA,"latin_america",0.784313725490196,0.666666666666667,"left","left","left","center"
"Chile","CL","Sebastián Piñera","SP",6.70588235294118,7.16666666666667,7,8.5,NA,NA,"latin_america",1.33333333333333,0.294117647058823,"right","right","right","right"
"Colombia","CO","Colombian Liberal Party","PLC",5.07142857142857,6.28571428571429,3.66666666666667,4,NA,NA,"latin_america",2.28571428571429,1.4047619047619,"right","right","right","center"
"Colombia","CO","Democratic Center Party","CD",9.42857142857143,9.07142857142857,8.33333333333333,8.5,NA,NA,"latin_america",0.571428571428571,1.09523809523809,"right","right","extreme_right","extreme_right"
"Colombia","CO","Radical Change Party","RCP",7.5,7.57142857142857,6.5,6.66666666666667,NA,NA,"latin_america",0.904761904761904,1,"right","right","right","right"
"Colombia","CO","Social Party of National Unity","U",6.18181818181818,6.63636363636364,5.66666666666667,5.33333333333333,NA,NA,"latin_america",1.3030303030303,0.515151515151515,"right","right","right","right"
"Colombia","CO","Colombian Conservative Party","PCC",9.28571428571429,8.42857142857143,9,7.66666666666667,NA,NA,"latin_america",0.761904761904762,0.285714285714286,"right","right","extreme_right","extreme_right"
"Colombia","CO","Green Alliance Party","AV",2.07142857142857,5.07142857142857,2.5,3.66666666666667,NA,NA,"latin_america",1.4047619047619,0.428571428571428,"right","left","center","left"
"Colombia","CO","MIRA PARTY","MIRA",9.42857142857143,8.21428571428571,7.83333333333333,5.5,NA,NA,"latin_america",2.71428571428571,1.5952380952381,"right","right","extreme_right","extreme_right"
"Colombia","CO","Alternative Democratic Pole","PDA",2.71428571428571,2.78571428571429,2.33333333333333,2.16666666666667,NA,NA,"latin_america",0.619047619047619,0.380952380952381,"left","left","left","left"
"Colombia","CO","Citizen Option","POC",9,8.09090909090909,6.5,5.5,NA,NA,"latin_america",2.59090909090909,2.5,"right","right","extreme_right","extreme_right"
"Colombia","CO","Decency List","DEC",2.30769230769231,3.07142857142857,3.16666666666667,3,NA,NA,"latin_america",0.0714285714285716,0.858974358974359,"left","left","left","left"
"Colombia","CO","Colombia Just and Free","CJL",9.18181818181818,7.77777777777778,9,6.83333333333333,NA,NA,"latin_america",0.944444444444445,0.181818181818182,"right","right","right","extreme_right"
"Colombia","CO","Iván Duque","ID",8.42857142857143,8.5,8.33333333333333,8.33333333333333,NA,NA,"latin_america",0.166666666666666,0.0952380952380949,"right","right","extreme_right","extreme_right"
"Costa Rica","CR","National Liberation Party","PLN",5.88888888888889,6.88888888888889,5.66666666666667,4.5,NA,NA,"latin_america",2.38888888888889,0.222222222222222,"right","right","right","center"
"Costa Rica","CR","National Restoration Party","PRN",9.77777777777778,7.66666666666667,8.5,6.83333333333333,NA,NA,"latin_america",0.833333333333334,1.27777777777778,"right","right","right","extreme_right"
"Costa Rica","CR","Citizens' Action Party","PAC",2.55555555555556,5,3.33333333333333,3.5,NA,NA,"latin_america",1.5,0.777777777777778,"center","left","center","left"
"Costa Rica","CR","Social Christian Unity Party","PUSC",8.55555555555556,8.33333333333333,6.83333333333333,6,NA,NA,"latin_america",2.33333333333333,1.72222222222222,"right","right","extreme_right","extreme_right"
"Costa Rica","CR","National Integration Party","PIN",8.28571428571429,7.57142857142857,8.33333333333333,7.16666666666667,NA,NA,"latin_america",0.404761904761904,0.0476190476190474,"right","right","right","extreme_right"
"Costa Rica","CR","Social Christian Republican Party","PRSC",8.75,8.125,7.66666666666667,5.83333333333333,NA,NA,"latin_america",2.29166666666667,1.08333333333333,"right","right","extreme_right","extreme_right"
"Costa Rica","CR","Broad Front","FA",1.11111111111111,2.55555555555556,2,2,NA,NA,"latin_america",0.555555555555555,0.888888888888889,"left","left","left","extreme_left"
"Costa Rica","CR","Libertarian Party","ML",7.66666666666667,9.33333333333333,4.33333333333333,9,NA,NA,"latin_america",0.333333333333334,3.33333333333333,"right","right","extreme_right","right"
"Costa Rica","CR","Carlos Alvaro Quesada","CAQ",2.88888888888889,6.33333333333333,4.66666666666667,5,NA,NA,"latin_america",1.33333333333333,1.77777777777778,"right","left","right","left"
"Ecuador","EC","PAIS Alliance ","PAIS",5,4.07692307692308,6.16666666666667,2,NA,NA,"latin_america",2.07692307692308,1.16666666666667,"left","center","center","center"
"Ecuador","EC","CREO Movement","CREO",7.23076923076923,8,7.5,8.16666666666667,NA,NA,"latin_america",0.166666666666666,0.269230769230769,"right","right","right","right"
"Ecuador","EC","United Society More Action Party","SUMA",6.5,7.2,6.16666666666667,5.5,NA,NA,"latin_america",1.7,0.333333333333333,"right","right","right","right"
"Ecuador","EC","Social Christian Party","PSC",7.15384615384615,7.61538461538461,8.83333333333333,7.5,NA,NA,"latin_america",0.115384615384615,1.67948717948718,"right","right","right","right"
"Ecuador","EC","Force Ecuador","FE",7.72727272727273,6.33333333333333,7.5,6.33333333333333,NA,NA,"latin_america",0,0.227272727272728,"right","right","right","right"
"Ecuador","EC","Democratic Left","ID",4,3.76923076923077,3.16666666666667,3.5,NA,NA,"latin_america",0.269230769230769,0.833333333333333,"left","left","left","center"
"Ecuador","EC","Patriotic Society Party ","PSP",6.45454545454545,6.16666666666667,6.83333333333333,4.5,NA,NA,"latin_america",1.66666666666667,0.378787878787879,"right","right","right","right"
"Ecuador","EC","Pachakutik Plurinational Unity Movement","MUPP",4.33333333333333,2.30769230769231,2.5,2.5,NA,NA,"latin_america",0.192307692307693,1.83333333333333,"left","left","left","center"
"Ecuador","EC","Advance Party","AVANZA",4.33333333333333,6.44444444444444,5.33333333333333,6.5,NA,NA,"latin_america",0.0555555555555554,1,"right","left","right","center"
"Ecuador","EC","Force Social Commitment","FCS",6.2,3.6,4.83333333333333,2.16666666666667,NA,NA,"latin_america",1.43333333333333,1.36666666666667,"left","right","left","right"
"Ecuador","EC","Lenín Moreno","LM",5.69230769230769,6,6.16666666666667,4.33333333333333,NA,NA,"latin_america",1.66666666666667,0.474358974358974,"right","right","center","center"
"Mexico","MX","National Regeneration Movement ","MORENA",5.94736842105263,2.94736842105263,5.33333333333333,2,NA,NA,"latin_america",0.947368421052631,0.614035087719299,"left","right","left","center"
"Mexico","MX","National Action Party","PAN",7.89473684210526,7.52631578947368,8,8.16666666666667,NA,NA,"latin_america",0.640350877192982,0.105263157894737,"right","right","right","right"
"Mexico","MX","Institutional Revolutionary Party","PRI",5.84210526315789,5.89473684210526,7,5,NA,NA,"latin_america",0.894736842105263,1.15789473684211,"right","right","center","center"
"Mexico","MX","Party of the Democratic Revolution ","PRD",3.47368421052632,3.36842105263158,3,2.83333333333333,NA,NA,"latin_america",0.535087719298245,0.473684210526316,"left","left","left","left"
"Mexico","MX","Ecologist Green Party of Mexico","PVE",6.8125,6.6875,7.16666666666667,5.83333333333333,NA,NA,"latin_america",0.854166666666667,0.354166666666667,"right","right","right","right"
"Mexico","MX","Citizens' Movement","MC",3.5,4.35294117647059,3.33333333333333,5.33333333333333,NA,NA,"latin_america",0.980392156862745,0.166666666666667,"left","left","center","left"
"Mexico","MX","Labor Party","PDT",5.88888888888889,2.44444444444444,5.16666666666667,2.66666666666667,NA,NA,"latin_america",0.222222222222222,0.722222222222222,"left","right","left","center"
"Mexico","MX","Social Encounter Party ","PES",9.22222222222222,7.64285714285714,9,6.5,NA,NA,"latin_america",1.14285714285714,0.222222222222221,"right","right","right","extreme_right"
"Mexico","MX","Andrés Manuel López Obrador","AMLO",8.27777777777778,3.52631578947368,5.33333333333333,2,NA,NA,"latin_america",1.52631578947368,2.94444444444445,"left","right","left","extreme_right"
"Paraguay","PY","Colorado Party","ANR",9.54545454545454,7.18181818181818,8.5,7.33333333333333,NA,NA,"latin_america",0.151515151515151,1.04545454545454,"right","right","right","extreme_right"
"Paraguay","PY","Authentic Radical Liberal Party","PLRA",8,6.36363636363636,5,5.16666666666667,NA,NA,"latin_america",1.1969696969697,3,"right","right","right","right"
"Paraguay","PY","Guasú Front","FG",4.2,3.18181818181818,3,2,NA,NA,"latin_america",1.18181818181818,1.2,"left","left","left","center"
"Paraguay","PY","Beloved Fatherland Party","PPQ",9.45454545454546,8.45454545454546,6.66666666666667,6.33333333333333,NA,NA,"latin_america",2.12121212121212,2.78787878787879,"right","right","extreme_right","extreme_right"
"Paraguay","PY","Let's Do Party","PH",8.85714285714286,7.57142857142857,5,5.16666666666667,NA,NA,"latin_america",2.4047619047619,3.85714285714286,"right","right","right","extreme_right"
"Paraguay","PY","National Encounter Party","PEN",7.57142857142857,5.1,3.83333333333333,4.16666666666667,NA,NA,"latin_america",0.933333333333333,3.73809523809524,"right","right","center","right"
"Paraguay","PY","National Crusade Movement","MCN",9,6,8.83333333333333,8,NA,NA,"latin_america",2,0.166666666666666,"right","right","center","extreme_right"
"Paraguay","PY","Progressive Democratic Party","PDP",5,3.875,3.5,3.33333333333333,NA,NA,"latin_america",0.541666666666667,1.5,"left","center","left","center"
"Paraguay","PY","UNACE Party","UNACE",10,8.42857142857143,8,6.33333333333333,NA,NA,"latin_america",2.0952380952381,2,"right","right","extreme_right","extreme_right"
"Paraguay","PY","Mario Abdo Benítez","MAB",9.81818181818182,7.72727272727273,8.16666666666667,7.16666666666667,NA,NA,"latin_america",0.560606060606061,1.65151515151515,"right","right","right","extreme_right"
"Peru","PE","Popular Action","AP",6.73333333333333,6.13333333333333,5.66666666666667,5.16666666666667,NA,NA,"latin_america",0.966666666666667,1.06666666666667,"right","right","right","right"
"Peru","PE","Perú We can","PP",7.53846153846154,6.46666666666667,7,5.83333333333333,NA,NA,"latin_america",0.633333333333334,0.538461538461538,"right","right","right","right"
"Peru","PE","Agricultural People's Front of Peru","FPAP",8.41666666666667,4.78571428571429,7,2.66666666666667,NA,NA,"latin_america",2.11904761904762,1.41666666666667,"left","right","center","extreme_right"
"Peru","PE","Alliance for Progress","APP",7.46666666666667,6.92857142857143,6.33333333333333,6,NA,NA,"latin_america",0.928571428571429,1.13333333333333,"right","right","right","right"
"Peru","PE","Purple Party","PURP",3.69230769230769,6.07142857142857,2.66666666666667,4.33333333333333,NA,NA,"latin_america",1.73809523809524,1.02564102564103,"right","left","right","left"
"Peru","PE","Popular Force","FP",9,7.8,8.66666666666667,7.66666666666667,NA,NA,"latin_america",0.133333333333333,0.333333333333334,"right","right","right","extreme_right"
"Peru","PE","Union for Peru ","UPP",8.33333333333333,2.41666666666667,8.83333333333333,5.16666666666667,NA,NA,"latin_america",2.75,0.5,"left","right","left","extreme_right"
"Peru","PE","Broad Front","FA",3.4,2,2.83333333333333,2.16666666666667,NA,NA,"latin_america",0.166666666666667,0.566666666666666,"left","left","left","left"
"Peru","PE","We Are Peru","PDSP",7.07142857142857,7,5.5,4.83333333333333,NA,NA,"latin_america",2.16666666666667,1.57142857142857,"right","right","right","right"
"Peru","PE","Christian People's Party ","PPC",8.33333333333333,7.92857142857143,7.83333333333333,6.5,NA,NA,"latin_america",1.42857142857143,0.500000000000001,"right","right","right","extreme_right"
"Peru","PE","American Popular Revolutionary Alliance","APRA",7.46666666666667,7.26666666666667,6.66666666666667,3.83333333333333,NA,NA,"latin_america",3.43333333333333,0.8,"right","right","right","right"
"Peru","PE","Martín Vizcarra","MV",4.25,5.53846153846154,4.66666666666667,5,NA,NA,"latin_america",0.538461538461538,0.416666666666667,"right","left","center","center"
"Peru","PE","Free Peru","PL",8.66666666666667,0.666666666666667,5,1.33333333333333,NA,NA,"latin_america",0.666666666666667,3.66666666666667,"left","right","extreme_left","extreme_right"
"Peru","PE","Popular Renewal","RP",9.83333333333333,9.83333333333333,9.16666666666667,7.5,NA,NA,"latin_america",2.33333333333333,0.666666666666668,"right","right","extreme_right","extreme_right"
"Peru","PE","Go on Country","AvP",6.33333333333333,7.5,6.5,6.16666666666667,NA,NA,"latin_america",1.33333333333333,0.166666666666667,"right","right","right","right"
"Peru","PE","Together for Peru","JP",1.66666666666667,2.5,2.83333333333333,2.16666666666667,NA,NA,"latin_america",0.333333333333333,1.16666666666667,"left","left","left","extreme_left"
"Uruguay","UY","Broad Front ","FA",2,3.08333333333333,2,2.33333333333333,NA,NA,"latin_america",0.75,0,"left","left","left","left"
"Uruguay","UY","National Party","PN",7.25,7.16666666666667,6.83333333333333,7,NA,NA,"latin_america",0.166666666666667,0.416666666666667,"right","right","right","right"
"Uruguay","UY","Colorado Party","PC",5.16666666666667,6.66666666666667,6,6.5,NA,NA,"latin_america",0.166666666666667,0.833333333333333,"right","right","right","center"
"Uruguay","UY","Open Cabildo ","CA",9.41666666666667,7.08333333333333,7.83333333333333,7.83333333333333,NA,NA,"latin_america",0.75,1.58333333333333,"right","right","right","extreme_right"
"Uruguay","UY","Party of the People","PG",7.85714285714286,7.72727272727273,5,4,NA,NA,"latin_america",3.72727272727273,2.85714285714286,"right","right","right","right"
"Uruguay","UY","Ecologist Radical Intransigent Party","PERI",4.5,5.16666666666667,3.33333333333333,2.83333333333333,NA,NA,"latin_america",2.33333333333333,1.16666666666667,"right","left","center","center"
"Uruguay","UY","Independent Party","PI",4.72727272727273,5.54545454545455,4.33333333333333,4.83333333333333,NA,NA,"latin_america",0.712121212121213,0.393939393939394,"right","left","center","center"
"Uruguay","UY","Luis Lacalle","LL",6,7.4,6.83333333333333,7.16666666666667,NA,NA,"latin_america",0.233333333333333,0.833333333333333,"right","right","right","center"
"Venezuela","VE","United Socialist Party of Venezuela ","PSUV",7.625,1.22222222222222,7.16666666666667,1,NA,NA,"latin_america",0.222222222222222,0.458333333333333,"left","right","extreme_left","right"
"Venezuela","VE","Justice First","PJ",4.88888888888889,5.88888888888889,5.83333333333333,6.83333333333333,NA,NA,"latin_america",0.944444444444444,0.944444444444444,"right","left","center","center"
"Venezuela","VE","Democratic Action","AD",4.77777777777778,4.55555555555556,5.5,5,NA,NA,"latin_america",0.444444444444445,0.722222222222222,"left","left","center","center"
"Venezuela","VE","A New Era ","NT",5.11111111111111,4.77777777777778,5.33333333333333,6,NA,NA,"latin_america",1.22222222222222,0.222222222222222,"left","right","center","center"
"Venezuela","VE","Popular Will","VP",4.44444444444444,5.66666666666667,4,6.5,NA,NA,"latin_america",0.833333333333333,0.444444444444445,"right","left","center","center"
"Venezuela","VE","Radical Cause","LCR",4.11111111111111,3.11111111111111,3.66666666666667,4.83333333333333,NA,NA,"latin_america",1.72222222222222,0.444444444444444,"left","left","left","center"
"Venezuela","VE","Revolutionary Movement Tupamaro","Tupamaro",5.2,0.222222222222222,8.33333333333333,1.5,NA,NA,"latin_america",1.27777777777778,3.13333333333333,"left","right","extreme_left","center"
"Venezuela","VE","Communist Party of Venezuela","PC",5.33333333333333,0.555555555555556,6.5,0.333333333333333,NA,NA,"latin_america",0.222222222222222,1.16666666666667,"left","right","extreme_left","center"
"Venezuela","VE","Fearless People's Alliance","ABP",5.44444444444444,5.44444444444444,7.5,2.5,NA,NA,"latin_america",2.94444444444444,2.05555555555556,"right","right","center","center"
"Venezuela","VE","Progressive Advance","AP",4.5,3.44444444444444,4.66666666666667,5.5,NA,NA,"latin_america",2.05555555555556,0.166666666666667,"left","left","left","center"
"Venezuela","VE","Hope for Change","EC",6.4,5,6,5.33333333333333,NA,NA,"latin_america",0.333333333333333,0.4,"center","right","center","right"
"Venezuela","VE","Come Venezuela","VV",7,8.77777777777778,5.5,5,NA,NA,"latin_america",3.77777777777778,1.5,"right","right","extreme_right","right"
"Venezuela","VE","Nicolás Maduro","NM",7.88888888888889,0.777777777777778,7.5,1,NA,NA,"latin_america",0.222222222222222,0.388888888888889,"left","right","extreme_left","right"
"Venezuela","VE","Juan Guaidó","JG",3.77777777777778,5.375,4.16666666666667,6.5,NA,NA,"latin_america",1.125,0.388888888888889,"right","left","center","left"
"israel","IL","Likud","Likud",6.40909099578857,6.69565200805664,7.83333333333333,7.33333333333333,NA,NA,"middle_east",0.637681325276692,1.42424233754476,"right","right","right","right"
"israel","IL","Yesh Atid","Yesh Atid",2.63636374473572,6.13636350631714,3.16666666666667,5.5,NA,NA,"middle_east",0.636363506317139,0.530302921930949,"right","left","right","left"
"israel","IL","Shas","Shas",9.31818199157715,2.95454549789429,9.16666666666667,3.33333333333333,NA,NA,"middle_east",0.378787835439046,0.151515324910482,"left","right","left","extreme_right"
"israel","IL","B&W","B&W",3.79999995231628,5.80000019073486,4.66666666666667,5.33333333333333,NA,NA,"middle_east",0.46666685740153,0.866666714350383,"right","left","center","left"
"israel","IL","Yamina","Yamina",6.7619047164917,7.78260850906372,8,8,NA,NA,"middle_east",0.217391490936279,1.2380952835083,"right","right","right","right"
"israel","IL","Labor","Labor",2.13636374473572,2.69565224647522,2,2.16666666666667,NA,NA,"middle_east",0.528985579808553,0.136363744735718,"left","left","left","left"
"israel","IL","UTJ","UTJ",9.5,2.88888883590698,9.66666666666667,3.16666666666667,NA,NA,"middle_east",0.277777830759684,0.166666666666666,"left","right","left","extreme_right"
"israel","IL","YB","YB",4.13636350631714,7.45454549789429,6.16666666666667,7.33333333333333,NA,NA,"middle_east",0.121212164560954,2.03030316034953,"right","left","right","center"
"israel","IL","RZ","RZ",9.31818199157715,6.61111116409302,8.66666666666667,8,NA,NA,"middle_east",1.38888883590698,0.651515324910482,"right","right","right","extreme_right"
"israel","IL","Joint List","Joint List",4.7142858505249,1.80952382087708,2,1.33333333333333,NA,NA,"middle_east",0.476190487543742,2.7142858505249,"left","left","extreme_left","center"
"israel","IL","New Hope","New Hope",4.15000009536743,7.09523820877075,6.33333333333333,6.33333333333333,NA,NA,"middle_east",0.761904875437419,2.1833332379659,"right","left","right","center"
"israel","IL","Meretz","Meretz",1,2.30434775352478,1.16666666666667,1.16666666666667,NA,NA,"middle_east",1.13768108685811,0.166666666666667,"left","left","left","extreme_left"
"israel","IL","Ra'am","Ra'am",8.38095283508301,3.05555558204651,7.66666666666667,2.5,NA,NA,"middle_east",0.555555582046509,0.714286168416341,"left","right","left","extreme_right"
